{"sum": 372197.0, "avr": 550.5872781065088, "sumMD": 16041.0, "avrMD": 616.9615384615385, "sumSD": 15750.0, "avrSD": 605.7692307692307, "max": 997.0, "min": 100.0}